iso3,year,esperance_vie,medecins,uhc,vaccination_dtp3,sante_mentale,services_veterinaires,maladies_animales,vaccination_animale,bien_etre_animal,faune_sauvage,qualite_air,qualite_eau,biodiversite,couverture_forestiere,traitement_eaux_usees,liberte_presse,surveillance_epidemiologique,partage_donnees,preparation_pandemies,gestion_crises
ABW,2000,72.939,,,,,,,,,,,,,2.33333333333333,,,,,,
ABW,2010,74.297,,,,,,,,,,,,,2.33333333333333,,,,,,
ABW,2020,75.406,,,,,,,,,,,,,2.33333333333333,,,,,,
ABW,2026,76.5,,,,,,,,,,,,,2.33333333333333,,,,,,
AFG,2000,55.005,,,,,,,,,,,,,1.85278199408184,,,,,,
AFG,2010,60.702,,,,,,,,,,,,,1.85278199408184,,,,,,
AFG,2020,61.454,,,,,,,,,,,,,1.85278199408184,,,,,,
AFG,2026,66.289,,,,,,,,,,,,,1.85278199408184,,,,,,
AGO,2000,46.501,,,,,,,,,,,,,62.3314430095452,,,,,,
AGO,2010,57.242,,,,,,,,,,,,,57.8792010908799,,,,,,
AGO,2020,63.116,,,,,,,,,,,,,53.4269511510388,,,,,,
AGO,2026,64.805,,,,,,,,,,,,,52.0912696719339,,,,,,
ALB,2000,74.826,,,,,,,,,,,,,28.0766423357664,,,,,,
ALB,2010,78.414,,,,,,,,,,,,,28.542700729927,,,,,,
ALB,2020,77.824,,,,,,,,,,,,,28.7919708029197,,,,,,
ALB,2026,79.776,,,,,,,,,,,,,28.7919708029197,,,,,,
AND,2000,81.863,,,,,,,,,,,,,34.0425531914894,,,,,,
AND,2010,84.197,,,,,,,,,,,,,34.0425531914894,,,,,,
AND,2020,79.418,,,,,,,,,,,,,34.0425531914894,,,,,,
AND,2026,84.188,,,,,,,,,,,,,34.0425531914894,,,,,,
ARE,2000,,,,,,,,,,,,,,4.35694170656153,,,,,,
ARE,2010,,,,,,,,,,,,,,4.46775556181357,,,,,,
ARE,2020,,,,,,,,,,,,,,4.46775556181357,,,,,,
ARE,2026,,,,,,,,,,,,,,4.46775556181357,,,,,,
ARG,2000,73.91,,,,,,,,,,,,,12.1964855354461,,,,,,
ARG,2010,75.68,,,,,,,,,,,,,11.0403443575999,,,,,,
ARG,2020,75.878,,,,,,,,,,,,,10.4407148781923,,,,,,
ARG,2026,77.543,,,,,,,,,,,,,10.3212951412107,,,,,,
ARM,2000,72.8804878048781,,,,,,,,,,,,,11.6838777660695,,,,,,
ARM,2010,73.1731707317073,,,,,,,,,,,,,11.610818405339,,,,,,
ARM,2020,73.3756097560976,,,,,,,,,,,,,11.6489422255448,,,,,,
ARM,2026,78.319512195122,,,,,,,,,,,,,11.6183158247114,,,,,,
ASM,2000,71.443,,,,,,,,,,,,,88.65,,,,,,
ASM,2010,72.587,,,,,,,,,,,,,87.15,,,,,,
ASM,2020,72.672,,,,,,,,,,,,,85.65,,,,,,
ASM,2026,72.992,,,,,,,,,,,,,85.2,,,,,,
ATG,2000,74.819,,,,,,,,,,,,,21.4772727272727,,,,,,
ATG,2010,76.701,,,,,,,,,,,,,19.9545454545455,,,,,,
ATG,2020,77.161,,,,,,,,,,,,,18.4545454545455,,,,,,
ATG,2026,77.766,,,,,,,,,,,,,18.0134090909091,,,,,,
AUS,2000,79.2341463414634,,,,,,,,,,,,,17.1581557606446,,,,,,
AUS,2010,81.6951219512195,,,,,,,,,,,,,16.862931674108,,,,,,
AUS,2020,83.2,,,,,,,,,,,,,17.4213145571644,,,,,,
AUS,2026,83.0512195121951,,,,,,,,,,,,,17.4213145571644,,,,,,
AUT,2000,78.1268292682927,,,,,,,,,,,,,46.5116335433834,,,,,,
AUT,2010,80.5804878048781,,,,,,,,,,,,,46.8153174987882,,,,,,
AUT,2020,81.1926829268293,,,,,,,,,,,,,47.137905962191,,,,,,
AUT,2026,81.9951219512195,,,,,,,,,,,,,47.2402653902084,,,,,,
AZE,2000,65.377,,,,,,,,,,,,,11.9510925488772,,,,,,
AZE,2010,70.309,,,,,,,,,,,,,12.4914658343012,,,,,,
AZE,2020,70.312,,,,,,,,,,,,,13.6941896764514,,,,,,
AZE,2026,74.576,,,,,,,,,,,,,14.1119540229885,,,,,,
BDI,2000,,,,,,,,,,,,,,7.55218068535826,,,,,,
BDI,2010,,,,,,,,,,,,,,7.55218068535826,,,,,,
BDI,2020,,,,,,,,,,,,,,10.8894080996885,,,,,,
BDI,2026,,,,,,,,,,,,,,10.8894080996885,,,,,,
BEL,2000,77.7219512195122,,,,,,,,,,,,,21.9991428477236,,,,,,
BEL,2010,80.1829268292683,,,,,,,,,,,,,22.7432169584281,,,,,,
BEL,2020,80.6951219512195,,,,,,,,,,,,,22.604446776415,,,,,,
BEL,2026,82.3,,,,,,,,,,,,,22.604446776415,,,,,,
BEN,2000,56.594,,,,,,,,,,,,,36.6721355090458,,,,,,
BEN,2010,58.387,,,,,,,,,,,,,32.2379389854558,,,,,,
BEN,2020,60.154,,,,,,,,,,,,,27.8037424618659,,,,,,
BEN,2026,60.961,,,,,,,,,,,,,26.4734835047889,,,,,,
BFA,2000,,,,,,,,,,,,,,26.3760964912281,,,,,,
BFA,2010,,,,,,,,,,,,,,24.5486111111111,,,,,,
BFA,2020,,,,,,,,,,,,,,22.7207602339181,,,,,,
BFA,2026,,,,,,,,,,,,,,22.172514619883,,,,,,
BGD,2000,62.049,,,,,,,,,,,,,14.7524629330875,,,,,,
BGD,2010,68.009,,,,,,,,,,,,,14.5067373434739,,,,,,
BGD,2020,71.421,,,,,,,,,,,,,14.4687716063609,,,,,,
BGD,2026,74.93,,,,,,,,,,,,,14.4899215263887,,,,,,
BGR,2000,,,,,,,,,,,,,,30.507095724487,,,,,,
BGR,2010,,,,,,,,,,,,,,34.4233603537214,,,,,,
BGR,2020,,,,,,,,,,,,,,35.8603537214444,,,,,,
BGR,2026,,,,,,,,,,,,,,36.2196020633751,,,,,,
BHR,2000,74.673,,,,,,,,,,,,,0.52112676056338,,,,,,
BHR,2010,78.593,,,,,,,,,,,,,0.68241469816273,,,,,,
BHR,2020,78.683,,,,,,,,,,,,,0.89171974522293,,,,,,
BHR,2026,81.423,,,,,,,,,,,,,0.95,,,,,,
BHS,2000,72.481,,,,,,,,,,,,,50.9350649350649,,,,,,
BHS,2010,73.449,,,,,,,,,,,,,50.9350649350649,,,,,,
BHS,2020,72.994,,,,,,,,,,,,,50.9350649350649,,,,,,
BHS,2026,74.71,,,,,,,,,,,,,50.9350649350649,,,,,,
BIH,2000,75.292,,,,,,,,,,,,,41.2431640625,,,,,,
BIH,2010,76.827,,,,,,,,,,,,,41.067578125,,,,,,
BIH,2020,76.04,,,,,,,,,,,,,42.7326171875,,,,,,
BIH,2026,78.044,,,,,,,,,,,,,42.7326171875,,,,,,
BLR,2000,68.9121951219512,,,,,,,,,,,,,40.78423252879,,,,,,
BLR,2010,70.4048780487805,,,,,,,,,,,,,42.5328483701491,,,,,,
BLR,2020,72.1385609756098,,,,,,,,,,,,,43.1944033894965,,,,,,
BLR,2026,74.3653414634147,,,,,,,,,,,,,43.4080686559958,,,,,,
BLZ,2000,68.911,,,,,,,,,,,,,63.9763261727313,,,,,,
BLZ,2010,70.875,,,,,,,,,,,,,60.9991231915826,,,,,,
BLZ,2020,71.58,,,,,,,,,,,,,55.9864094695309,,,,,,
BLZ,2026,73.739,,,,,,,,,,,,,54.5186321788689,,,,,,
BMU,2000,78.251,,,,,,,,,,,,,18.5185185185185,,,,,,
BMU,2010,79.414,,,,,,,,,,,,,18.5185185185185,,,,,,
BMU,2020,81.456,,,,,,,,,,,,,18.5185185185185,,,,,,
BMU,2026,82.49,,,,,,,,,,,,,18.5185185185185,,,,,,
BOL,2000,62.057,,,,,,,,,,,,,50.8643865965107,,,,,,
BOL,2010,66.003,,,,,,,,,,,,,49.0039785839564,,,,,,
BOL,2020,62.906,,,,,,,,,,,,,46.9249146127573,,,,,,
BOL,2026,68.739,,,,,,,,,,,,,46.3457431920982,,,,,,
BRA,2000,69.584,,,,,,,,,,,,,65.9343586013156,,,,,,
BRA,2010,73.779,,,,,,,,,,,,,61.2074815688658,,,,,,
BRA,2020,74.506,,,,,,,,,,,,,59.4174780513368,,,,,,
BRA,2026,76.023,,,,,,,,,,,,,58.9818729765235,,,,,,
BRB,2000,74.58,,,,,,,,,,,,,14.6511627906977,,,,,,
BRB,2010,75.488,,,,,,,,,,,,,14.6511627906977,,,,,,
BRB,2020,76.647,,,,,,,,,,,,,14.6511627906977,,,,,,
BRB,2026,76.332,,,,,,,,,,,,,14.6511627906977,,,,,,
BRN,2000,,,,,,,,,,,,,,75.3320683111954,,,,,,
BRN,2010,74.82,,,,,,,,,,,,,72.1062618595825,,,,,,
BRN,2020,75.114,,,,,,,,,,,,,72.1062618595825,,,,,,
BRN,2026,75.501,,,,,,,,,,,,,72.1062618595825,,,,,,
BTN,2000,61.842,,,,,,,,,,,,,65.4773869346734,,,,,,
BTN,2010,68.765,,,,,,,,,,,,,70.9733189915261,,,,,,
BTN,2020,72.253,,,,,,,,,,,,,71.4472994231778,,,,,,
BTN,2026,73.262,,,,,,,,,,,,,71.60513896172,,,,,,
BWA,2000,52.263,,,,,,,,,,,,,31.0918779665802,,,,,,
BWA,2010,59.137,,,,,,,,,,,,,29.0044642069416,,,,,,
BWA,2020,67.643,,,,,,,,,,,,,26.9170504473029,,,,,,
BWA,2026,69.293,,,,,,,,,,,,,26.2908263194114,,,,,,
CAF,2000,,,,,,,,,,,,,,36.7636200199043,,,,,,
CAF,2010,,,,,,,,,,,,,,36.282063629651,,,,,,
CAF,2020,,,,,,,,,,,,,,35.8005072393977,,,,,,
CAF,2026,,,,,,,,,,,,,,35.6560403223217,,,,,,
CAN,2000,,,,,,,,,,,,,,38.7929818338782,,,,,,
CAN,2010,,,,,,,,,,,,,,38.7394705758349,,,,,,
CAN,2020,,,,,,,,,,,,,,38.6955125094946,,,,,,
CAN,2026,,,,,,,,,,,,,,39.4617117321106,,,,,,
CHE,2000,,,,,,,,,,,,,,30.2649701705926,,,,,,
CHE,2010,,,,,,,,,,,,,,31.2482719393317,,,,,,
CHE,2020,,,,,,,,,,,,,,32.1215359394659,,,,,,
CHE,2026,,,,,,,,,,,,,,32.3827380818297,,,,,,
CHI,2000,,,,,,,,,,,,,,4.19191919191919,,,,,,
CHI,2010,,,,,,,,,,,,,,5.15151515151515,,,,,,
CHI,2020,,,,,,,,,,,,,,5.15151515151515,,,,,,
CHI,2026,,,,,,,,,,,,,,5.15151515151515,,,,,,
CHL,2000,,,,,,,,,,,,,,21.2728705691214,,,,,,
CHL,2010,,,,,,,,,,,,,,22.4943378361658,,,,,,
CHL,2020,,,,,,,,,,,,,,24.5152454733888,,,,,,
CHL,2026,,,,,,,,,,,,,,25.0116461113584,,,,,,
CHN,2000,,,,,,,,,,,,,,18.8534727562839,,,,,,
CHN,2010,,,,,,,,,,,,,,21.3683288541342,,,,,,
CHN,2020,,,,,,,,,,,,,,23.4313037309562,,,,,,
CHN,2026,,,,,,,,,,,,,,24.0319389958256,,,,,,
CIV,2000,,,,,,,,,,,,,,16.0202830188679,,,,,,
CIV,2010,,,,,,,,,,,,,,12.4703773584906,,,,,,
CIV,2020,,,,,,,,,,,,,,8.92047169811321,,,,,,
CIV,2026,,,,,,,,,,,,,,7.85551603773585,,,,,,
CMR,2000,,,,,,,,,,,,,,45.6886674705422,,,,,,
CMR,2010,,,,,,,,,,,,,,44.2141693638806,,,,,,
CMR,2020,,,,,,,,,,,,,,43.02951069366,,,,,,
CMR,2026,,,,,,,,,,,,,,42.6741130925938,,,,,,
COD,2000,,,,,,,,,,,,,,63.4741183476324,,,,,,
COD,2010,,,,,,,,,,,,,,60.5055027458592,,,,,,
COD,2020,,,,,,,,,,,,,,55.6472067223925,,,,,,
COD,2026,,,,,,,,,,,,,,54.1898572594341,,,,,,
COG,2000,,,,,,,,,,,,,,64.9926793557833,,,,,,
COG,2010,,,,,,,,,,,,,,64.6412884333821,,,,,,
COG,2020,,,,,,,,,,,,,,64.2635431918009,,,,,,
COG,2026,,,,,,,,,,,,,,64.1317715959004,,,,,,
COL,2000,,,,,,,,,,,,,,56.5439387111311,,,,,,
COL,2010,,,,,,,,,,,,,,54.806480396575,,,,,,
COL,2020,,,,,,,,,,,,,,53.3050112663362,,,,,,
COL,2026,,,,,,,,,,,,,,52.7661596214511,,,,,,
COM,2000,,,,,,,,,,,,,,22.3965609887157,,,,,,
COM,2010,,,,,,,,,,,,,,20.0429876410532,,,,,,
COM,2020,,,,,,,,,,,,,,17.6894142933906,,,,,,
COM,2026,,,,,,,,,,,,,,16.9801182160129,,,,,,
CPV,2000,,,,,,,,,,,,,,9.8560794044665,,,,,,
CPV,2010,,,,,,,,,,,,,,10.6004962779156,,,,,,
CPV,2020,,,,,,,,,,,,,,11.3449131513648,,,,,,
CPV,2026,,,,,,,,,,,,,,11.5682382133995,,,,,,
CRI,2000,,,,,,,,,,,,,,55.9580885233059,,,,,,
CRI,2010,,,,,,,,,,,,,,56.231884057971,,,,,,
CRI,2020,,,,,,,,,,,,,,59.4373286329808,,,,,,
CRI,2026,,,,,,,,,,,,,,60.3991382687035,,,,,,
CUB,2000,,,,,,,,,,,,,,22.6722532588454,,,,,,
CUB,2010,,,,,,,,,,,,,,27.5460353250658,,,,,,
CUB,2020,,,,,,,,,,,,,,31.233140655106,,,,,,
CUB,2026,,,,,,,,,,,,,,31.233140655106,,,,,,
CUW,2000,,,,,,,,,,,,,,,,,,,,
CUW,2010,,,,,,,,,,,,,,,,,,,,
CUW,2020,,,,,,,,,,,,,,0.157657657657658,,,,,,
CUW,2026,,,,,,,,,,,,,,0.157657657657658,,,,,,
CYM,2000,,,,,,,,,,,,,,53.875,,,,,,
CYM,2010,,,,,,,,,,,,,,53.0,,,,,,
CYM,2020,,,,,,,,,,,,,,53.0,,,,,,
CYM,2026,,,,,,,,,,,,,,52.4720833333333,,,,,,
CYP,2000,,,,,,,,,,,,,,18.5725108225108,,,,,,
CYP,2010,,,,,,,,,,,,,,18.7056277056277,,,,,,
CYP,2020,,,,,,,,,,,,,,18.6720779220779,,,,,,
CYP,2026,,,,,,,,,,,,,,18.6655844155844,,,,,,
CZE,2000,,,,,,,,,,,,,,34.1308399119969,,,,,,
CZE,2010,,,,,,,,,,,,,,34.4086494885407,,,,,,
CZE,2020,,,,,,,,,,,,,,34.6779919254939,,,,,,
CZE,2026,,,,,,,,,,,,,,34.7623883740408,,,,,,
DEU,2000,,,,,,,,,,,,,,32.5376128385155,,,,,,
DEU,2010,,,,,,,,,,,,,,32.7308718478354,,,,,,
DEU,2020,,,,,,,,,,,,,,32.6826755201923,,,,,,
DEU,2026,,,,,,,,,,,,,,32.6789342643734,,,,,,
DJI,2000,,,,,,,,,,,,,,0.241587575496117,,,,,,
DJI,2010,,,,,,,,,,,,,,0.241587575496117,,,,,,
DJI,2020,,,,,,,,,,,,,,0.250215703192407,,,,,,
DJI,2026,,,,,,,,,,,,,,0.260724762726488,,,,,,
DMA,2000,,,,,,,,,,,,,,63.8266666666667,,,,,,
DMA,2010,,,,,,,,,,,,,,63.8266666666667,,,,,,
DMA,2020,,,,,,,,,,,,,,63.8266666666667,,,,,,
DMA,2026,,,,,,,,,,,,,,63.8266666666667,,,,,,
DNK,2000,,,,,,,,,,,,,,14.29,,,,,,
DNK,2010,,,,,,,,,,,,,,14.66225,,,,,,
DNK,2020,,,,,,,,,,,,,,15.711,,,,,,
DNK,2026,,,,,,,,,,,,,,15.7815,,,,,,
DOM,2000,,,,,,,,,,,,,,40.8294348996067,,,,,,
DOM,2010,,,,,,,,,,,,,,42.9128544814738,,,,,,
DOM,2020,,,,,,,,,,,,,,44.4852298911864,,,,,,
DOM,2026,,,,,,,,,,,,,,44.9887775472934,,,,,,
DZA,2000,70.576,,,,,,,,,,,,,0.662960692602887,,,,,,
DZA,2010,74.144,,,,,,,,,,,,,0.805293608874184,,,,,,
DZA,2020,73.257,,,,,,,,,,,,,0.818309303282474,,,,,,
DZA,2026,76.475,,,,,,,,,,,,,0.830314224054683,,,,,,
ECU,2000,,,,,,,,,,,,,,55.2846674182638,,,,,,
ECU,2010,,,,,,,,,,,,,,52.456877113867,,,,,,
ECU,2020,,,,,,,,,,,,,,50.3214285714286,,,,,,
ECU,2026,,,,,,,,,,,,,,49.5450958286359,,,,,,
EGY,2000,,,,,,,,,,,,,,0.0594806368978854,,,,,,
EGY,2010,,,,,,,,,,,,,,0.0659400271234115,,,,,,
EGY,2020,,,,,,,,,,,,,,0.0451855944547692,,,,,,
EGY,2026,,,,,,,,,,,,,,0.0451855944547692,,,,,,
ERI,2000,,,,,,,,,,,,,,11.0738613861386,,,,,,
ERI,2010,,,,,,,,,,,,,,8.97748379233609,,,,,,
ERI,2020,,,,,,,,,,,,,,8.71821523958664,,,,,,
ERI,2026,,,,,,,,,,,,,,8.63010013352237,,,,,,
ESP,2000,,,,,,,,,,,,,,34.256372745491,,,,,,
ESP,2010,,,,,,,,,,,,,,37.089938201236,,,,,,
ESP,2020,,,,,,,,,,,,,,37.1773054885498,,,,,,
ESP,2026,,,,,,,,,,,,,,37.1925889548355,,,,,,
EST,2000,,,,,,,,,,,,,,52.8164661476763,,,,,,
EST,2010,,,,,,,,,,,,,,55.1078084453881,,,,,,
EST,2020,,,,,,,,,,,,,,57.0385964912281,,,,,,
EST,2026,,,,,,,,,,,,,,57.0652937046572,,,,,,
ETH,2000,,,,,,,,,,,,,,18.5285,,,,,,
ETH,2010,,,,,,,,,,,,,,15.7708287737324,,,,,,
ETH,2020,,,,,,,,,,,,,,15.1239877246579,,,,,,
ETH,2026,,,,,,,,,,,,,,14.9308975782695,,,,,,
FIN,2000,,,,,,,,,,,,,,73.6913227617453,,,,,,
FIN,2010,,,,,,,,,,,,,,73.1885488647581,,,,,,
FIN,2020,,,,,,,,,,,,,,73.7283674409423,,,,,,
FIN,2026,,,,,,,,,,,,,,73.7235162521384,,,,,,
FJI,2000,,,,,,,,,,,,,,55.0886699507389,,,,,,
FJI,2010,,,,,,,,,,,,,,58.7432950191571,,,,,,
FJI,2020,,,,,,,,,,,,,,62.3984674329502,,,,,,
FJI,2026,,,,,,,,,,,,,,63.4953475643131,,,,,,
FRA,2000,,,,,,,,,,,,,,28.3662677428333,,,,,,
FRA,2010,,,,,,,,,,,,,,30.4647926523796,,,,,,
FRA,2020,,,,,,,,,,,,,,32.0122460339549,,,,,,
FRA,2026,,,,,,,,,,,,,,32.4764820484275,,,,,,
FRO,2000,,,,,,,,,,,,,,0.0573065902578797,,,,,,
FRO,2010,,,,,,,,,,,,,,0.0573065902578797,,,,,,
FRO,2020,,,,,,,,,,,,,,0.0585651537335286,,,,,,
FRO,2026,,,,,,,,,,,,,,0.0583941605839416,,,,,,
FSM,2000,,,,,,,,,,,,,,91.2285714285714,,,,,,
FSM,2010,,,,,,,,,,,,,,91.6142857142857,,,,,,
FSM,2020,,,,,,,,,,,,,,92.0285714285714,,,,,,
FSM,2026,,,,,,,,,,,,,,92.1571428571429,,,,,,
GAB,2000,,,,,,,,,,,,,,91.9781115380137,,,,,,
GAB,2010,,,,,,,,,,,,,,91.7817751387434,,,,,,
GAB,2020,,,,,,,,,,,,,,91.3206814918306,,,,,,
GAB,2026,,,,,,,,,,,,,,91.1823650405558,,,,,,
GBR,2000,,,,,,,,,,,,,,12.2101434299177,,,,,,
GBR,2010,,,,,,,,,,,,,,12.6441532674741,,,,,,
GBR,2020,,,,,,,,,,,,,,13.1856322076634,,,,,,
GBR,2026,,,,,,,,,,,,,,13.2907130161617,,,,,,
GEO,2000,,,,,,,,,,,,,,39.7265793639373,,,,,,
GEO,2010,,,,,,,,,,,,,,40.6159159591308,,,,,,
GEO,2020,,,,,,,,,,,,,,40.6159159591308,,,,,,
GEO,2026,,,,,,,,,,,,,,40.6159159591308,,,,,,
GHA,2000,,,,,,,,,,,,,,38.8881515337963,,,,,,
GHA,2010,,,,,,,,,,,,,,34.9078403797135,,,,,,
GHA,2020,,,,,,,,,,,,,,35.0973937502747,,,,,,
GHA,2026,,,,,,,,,,,,,,35.1921958573042,,,,,,
GIB,2000,,,,,,,,,,,,,,0.0,,,,,,
GIB,2010,,,,,,,,,,,,,,0.0,,,,,,
GIB,2020,,,,,,,,,,,,,,0.0,,,,,,
GIB,2026,,,,,,,,,,,,,,0.0,,,,,,
GIN,2000,,,,,,,,,,,,,,28.1987628194693,,,,,,
GIN,2010,,,,,,,,,,,,,,26.7336806120788,,,,,,
GIN,2020,,,,,,,,,,,,,,25.1872049487221,,,,,,
GIN,2026,,,,,,,,,,,,,,24.6988442129253,,,,,,
GMB,2000,,,,,,,,,,,,,,35.3092885375494,,,,,,
GMB,2010,,,,,,,,,,,,,,29.6442687747036,,,,,,
GMB,2020,,,,,,,,,,,,,,23.9792490118577,,,,,,
GMB,2026,,,,,,,,,,,,,,22.2792391304348,,,,,,
GNB,2000,,,,,,,,,,,,,,76.4182076813656,,,,,,
GNB,2010,,,,,,,,,,,,,,73.4150071123755,,,,,,
GNB,2020,,,,,,,,,,,,,,70.4128733997155,,,,,,
GNB,2026,,,,,,,,,,,,,,69.5124466571835,,,,,,
GNQ,2000,,,,,,,,,,,,,,93.2470588235294,,,,,,
GNQ,2010,,,,,,,,,,,,,,90.2677361853832,,,,,,
GNQ,2020,,,,,,,,,,,,,,87.2877005347594,,,,,,
GNQ,2026,,,,,,,,,,,,,,86.3935828877005,,,,,,
GRC,2000,,,,,,,,,,,,,,27.93040806827,,,,,,
GRC,2010,,,,,,,,,,,,,,30.27,,,,,,
GRC,2020,,,,,,,,,,,,,,30.2699767261443,,,,,,
GRC,2026,,,,,,,,,,,,,,30.2699767261443,,,,,,
GRD,2000,,,,,,,,,,,,,,52.0588235294118,,,,,,
GRD,2010,,,,,,,,,,,,,,52.0588235294118,,,,,,
GRD,2020,,,,,,,,,,,,,,52.0588235294118,,,,,,
GRD,2026,,,,,,,,,,,,,,52.0588235294118,,,,,,
GRL,2000,,,,,,,,,,,,,,0.000535997076379583,,,,,,
GRL,2010,,,,,,,,,,,,,,0.000535997076379583,,,,,,
GRL,2020,,,,,,,,,,,,,,0.000535997076379583,,,,,,
GRL,2026,,,,,,,,,,,,,,0.000535997076379583,,,,,,
GTM,2000,,,,,,,,,,,,,,39.2795819335573,,,,,,
GTM,2010,,,,,,,,,,,,,,34.7387084733109,,,,,,
GTM,2020,,,,,,,,,,,,,,32.9208659947742,,,,,,
GTM,2026,,,,,,,,,,,,,,32.5961179544606,,,,,,
GUM,2000,,,,,,,,,,,,,,44.4444444444444,,,,,,
GUM,2010,,,,,,,,,,,,,,44.4444444444444,,,,,,
GUM,2020,,,,,,,,,,,,,,51.8518518518518,,,,,,
GUM,2026,,,,,,,,,,,,,,51.8518518518518,,,,,,
GUY,2000,,,,,,,,,,,,,,94.3064262128524,,,,,,
GUY,2010,,,,,,,,,,,,,,94.0808229616459,,,,,,
GUY,2020,,,,,,,,,,,,,,87.2186227147864,,,,,,
GUY,2026,,,,,,,,,,,,,,87.0878369802027,,,,,,
HKG,2000,,,,,,,,,,,,,,,,,,,,
HKG,2010,,,,,,,,,,,,,,,,,,,,
HKG,2020,,,,,,,,,,,,,,,,,,,,
HKG,2026,,,,,,,,,,,,,,,,,,,,
HND,2000,,,,,,,,,,,,,,60.5797658414514,,,,,,
HND,2010,,,,,,,,,,,,,,58.7672714272947,,,,,,
HND,2020,,,,,,,,,,,,,,56.8349271606042,,,,,,
HND,2026,,,,,,,,,,,,,,56.2732147645008,,,,,,
HRV,2000,,,,,,,,,,,,,,33.7136929460581,,,,,,
HRV,2010,,,,,,,,,,,,,,34.3077692802516,,,,,,
HRV,2020,,,,,,,,,,,,,,34.6517155110793,,,,,,
HRV,2026,,,,,,,,,,,,,,34.785739814153,,,,,,
HTI,2000,,,,,,,,,,,,,,13.8116835994194,,,,,,
HTI,2010,,,,,,,,,,,,,,13.7293178519594,,,,,,
HTI,2020,,,,,,,,,,,,,,12.6015965166909,,,,,,
HTI,2026,,,,,,,,,,,,,,12.2630624092888,,,,,,
HUN,2000,,,,,,,,,,,,,,21.4368444543629,,,,,,
HUN,2010,,,,,,,,,,,,,,22.6045509775765,,,,,,
HUN,2020,,,,,,,,,,,,,,22.4962743808898,,,,,,
HUN,2026,,,,,,,,,,,,,,22.4484341442034,,,,,,
IDN,2000,,,,,,,,,,,,,,53.943528667353,,,,,,
IDN,2010,,,,,,,,,,,,,,53.0802617709861,,,,,,
IDN,2020,,,,,,,,,,,,,,49.0717803654717,,,,,,
IDN,2026,,,,,,,,,,,,,,47.7220336902463,,,,,,
IMN,2000,,,,,,,,,,,,,,6.07017543859649,,,,,,
IMN,2010,,,,,,,,,,,,,,6.07017543859649,,,,,,
IMN,2020,,,,,,,,,,,,,,6.07017543859649,,,,,,
IMN,2026,,,,,,,,,,,,,,6.07017543859649,,,,,,
IND,2000,,,,,,,,,,,,,,22.7334950003195,,,,,,
IND,2010,,,,,,,,,,,,,,23.3742209545976,,,,,,
IND,2020,,,,,,,,,,,,,,24.270228273336,,,,,,
IND,2026,,,,,,,,,,,,,,24.5390304689576,,,,,,
IRL,2000,,,,,,,,,,,,,,9.15023951226593,,,,,,
IRL,2010,,,,,,,,,,,,,,10.4569603716069,,,,,,
IRL,2020,,,,,,,,,,,,,,11.3517201335462,,,,,,
IRL,2026,,,,,,,,,,,,,,11.5259108724053,,,,,,
IRN,2000,,,,,,,,,,,,,,5.72561948967313,,,,,,
IRN,2010,,,,,,,,,,,,,,6.56449077826076,,,,,,
IRN,2020,,,,,,,,,,,,,,6.62681047765794,,,,,,
IRN,2026,,,,,,,,,,,,,,6.64923611710324,,,,,,
IRQ,2000,,,,,,,,,,,,,,1.87027002309258,,,,,,
IRQ,2010,,,,,,,,,,,,,,1.89952109044023,,,,,,
IRQ,2020,,,,,,,,,,,,,,1.90035242899592,,,,,,
IRQ,2026,,,,,,,,,,,,,,1.90035242899592,,,,,,
ISL,2000,,,,,,,,,,,,,,0.297556109725686,,,,,,
ISL,2010,,,,,,,,,,,,,,0.445586034912718,,,,,,
ISL,2020,,,,,,,,,,,,,,0.5092730338193,,,,,,
ISL,2026,,,,,,,,,,,,,,0.528744421303184,,,,,,
ISR,2000,,,,,,,,,,,,,,7.07024029574861,,,,,,
ISR,2010,,,,,,,,,,,,,,7.11645101663586,,,,,,
ISR,2020,,,,,,,,,,,,,,6.46950092421442,,,,,,
ISR,2026,,,,,,,,,,,,,,6.46950092421442,,,,,,
ITA,2000,,,,,,,,,,,,,,28.3014561169763,,,,,,
ITA,2010,,,,,,,,,,,,,,30.5292204059273,,,,,,
ITA,2020,,,,,,,,,,,,,,32.3489349614665,,,,,,
ITA,2026,,,,,,,,,,,,,,32.8944947923712,,,,,,
JAM,2000,,,,,,,,,,,,,,48.1071098799631,,,,,,
JAM,2010,,,,,,,,,,,,,,51.5650969529086,,,,,,
JAM,2020,,,,,,,,,,,,,,55.1144967682364,,,,,,
JAM,2026,,,,,,,,,,,,,,56.190757156048,,,,,,
JOR,2000,,,,,,,,,,,,,,1.10494106980961,,,,,,
JOR,2010,,,,,,,,,,,,,,1.09822031989187,,,,,,
JOR,2020,,,,,,,,,,,,,,1.09804716534901,,,,,,
JOR,2026,,,,,,,,,,,,,,1.09804716534901,,,,,,
JPN,2000,,,,,,,,,,,,,,68.2469135802469,,,,,,
JPN,2010,,,,,,,,,,,,,,68.4938271604938,,,,,,
JPN,2020,,,,,,,,,,,,,,68.4087791495199,,,,,,
JPN,2026,,,,,,,,,,,,,,68.3957811364628,,,,,,
KAZ,2000,,,,,,,,,,,,,,1.16936170685632,,,,,,
KAZ,2010,,,,,,,,,,,,,,1.14167481572027,,,,,,
KAZ,2020,,,,,,,,,,,,,,1.27965329481053,,,,,,
KAZ,2026,,,,,,,,,,,,,,1.31214516427751,,,,,,
KEN,2000,,,,,,,,,,,,,,6.95995712829884,,,,,,
KEN,2010,,,,,,,,,,,,,,6.35404294198264,,,,,,
KEN,2020,,,,,,,,,,,,,,6.21662477880402,,,,,,
KEN,2026,,,,,,,,,,,,,,6.21662477880402,,,,,,
KGZ,2000,,,,,,,,,,,,,,6.15693430656934,,,,,,
KGZ,2010,,,,,,,,,,,,,,6.41126173096976,,,,,,
KGZ,2020,,,,,,,,,,,,,,6.85808133472367,,,,,,
KGZ,2026,,,,,,,,,,,,,,7.14337851929093,,,,,,
KHM,2000,,,,,,,,,,,,,,61.0752322682982,,,,,,
KHM,2010,,,,,,,,,,,,,,59.988839791525,,,,,,
KHM,2020,,,,,,,,,,,,,,45.7079651031045,,,,,,
KHM,2026,,,,,,,,,,,,,,43.0619759800589,,,,,,
KIR,2000,,,,,,,,,,,,,,1.45679012345679,,,,,,
KIR,2010,,,,,,,,,,,,,,1.45679012345679,,,,,,
KIR,2020,,,,,,,,,,,,,,1.45679012345679,,,,,,
KIR,2026,,,,,,,,,,,,,,1.45679012345679,,,,,,
KNA,2000,,,,,,,,,,,,,,42.3076923076923,,,,,,
KNA,2010,,,,,,,,,,,,,,42.3076923076923,,,,,,
KNA,2020,,,,,,,,,,,,,,42.3076923076923,,,,,,
KNA,2026,,,,,,,,,,,,,,42.3076923076923,,,,,,
KOR,2000,,,,,,,,,,,,,,67.1366369479577,,,,,,
KOR,2010,,,,,,,,,,,,,,65.7098765432099,,,,,,
KOR,2020,,,,,,,,,,,,,,64.4159836065574,,,,,,
KOR,2026,,,,,,,,,,,,,,64.108606557377,,,,,,
KWT,2000,,,,,,,,,,,,,,0.272166105499439,,,,,,
KWT,2010,,,,,,,,,,,,,,0.350729517396184,,,,,,
KWT,2020,,,,,,,,,,,,,,0.350729517396184,,,,,,
KWT,2026,,,,,,,,,,,,,,0.350729517396184,,,,,,
LAO,2000,,,,,,,,,,,,,,75.498266897747,,,,,,
LAO,2010,,,,,,,,,,,,,,73.3990467937608,,,,,,
LAO,2020,,,,,,,,,,,,,,71.9042461005199,,,,,,
LAO,2026,,,,,,,,,,,,,,71.4558058925477,,,,,,
LBN,2000,,,,,,,,,,,,,,13.5073313782991,,,,,,
LBN,2010,,,,,,,,,,,,,,13.4261974584555,,,,,,
LBN,2020,,,,,,,,,,,,,,14.010752688172,,,,,,
LBN,2026,,,,,,,,,,,,,,14.1867057673509,,,,,,
LBR,2000,,,,,,,,,,,,,,85.3679401993355,,,,,,
LBR,2010,,,,,,,,,,,,,,82.2263289036545,,,,,,
LBR,2020,,,,,,,,,,,,,,79.0847176079734,,,,,,
LBR,2026,,,,,,,,,,,,,,78.1422342192691,,,,,,
LBY,2000,,,,,,,,,,,,,,0.123327687918433,,,,,,
LBY,2010,,,,,,,,,,,,,,0.123327687918433,,,,,,
LBY,2020,,,,,,,,,,,,,,0.123327687918433,,,,,,
LBY,2026,,,,,,,,,,,,,,0.123327687918433,,,,,,
LCA,2000,,,,,,,,,,,,,,34.4426229508197,,,,,,
LCA,2010,,,,,,,,,,,,,,34.0491803278688,,,,,,
LCA,2020,,,,,,,,,,,,,,34.0491803278688,,,,,,
LCA,2026,,,,,,,,,,,,,,34.0491803278688,,,,,,
LIE,2000,,,,,,,,,,,,,,41.875,,,,,,
LIE,2010,,,,,,,,,,,,,,41.87,,,,,,
LIE,2020,,,,,,,,,,,,,,41.875,,,,,,
LIE,2026,,,,,,,,,,,,,,41.875,,,,,,
LKA,2000,,,,,,,,,,,,,,34.546643278584,,,,,,
LKA,2010,,,,,,,,,,,,,,33.5452081007814,,,,,,
LKA,2020,,,,,,,,,,,,,,34.1580989330747,,,,,,
LKA,2026,,,,,,,,,,,,,,34.0048496605238,,,,,,
LSO,2000,,,,,,,,,,,,,,1.13702239789196,,,,,,
LSO,2010,,,,,,,,,,,,,,1.13702239789196,,,,,,
LSO,2020,,,,,,,,,,,,,,1.13702239789196,,,,,,
LSO,2026,,,,,,,,,,,,,,1.13702239789196,,,,,,
LTU,2000,,,,,,,,,,,,,,32.2271857051691,,,,,,
LTU,2010,,,,,,,,,,,,,,34.6230554447547,,,,,,
LTU,2020,,,,,,,,,,,,,,35.1485148514851,,,,,,
LTU,2026,,,,,,,,,,,,,,35.2301501597444,,,,,,
LUX,2000,,,,,,,,,,,,,,33.6769652665025,,,,,,
LUX,2010,,,,,,,,,,,,,,34.4538272103664,,,,,,
LUX,2020,,,,,,,,,,,,,,34.4538272103664,,,,,,
LUX,2026,,,,,,,,,,,,,,34.4538272103664,,,,,,
LVA,2000,,,,,,,,,,,,,,52.0835007311939,,,,,,
LVA,2010,,,,,,,,,,,,,,54.1906246484645,,,,,,
LVA,2020,,,,,,,,,,,,,,54.8094166800579,,,,,,
LVA,2026,,,,,,,,,,,,,,54.9959826450265,,,,,,
MAC,2000,,,,,,,,,,,,,,,,,,,,
MAC,2010,,,,,,,,,,,,,,,,,,,,
MAC,2020,,,,,,,,,,,,,,,,,,,,
MAC,2026,,,,,,,,,,,,,,,,,,,,
MAF,2000,,,,,,,,,,,,,,,,,,,,
MAF,2010,,,,,,,,,,,,,,,,,,,,
MAF,2020,,,,,,,,,,,,,,24.8,,,,,,
MAF,2026,,,,,,,,,,,,,,24.8,,,,,,
MAR,2000,,,,,,,,,,,,,,12.3382030024647,,,,,,
MAR,2010,,,,,,,,,,,,,,12.7146986332064,,,,,,
MAR,2020,,,,,,,,,,,,,,12.8668832623796,,,,,,
MAR,2026,,,,,,,,,,,,,,12.9371068787811,,,,,,
MCO,2000,,,,,,,,,,,,,,0.0,,,,,,
MCO,2010,,,,,,,,,,,,,,0.0,,,,,,
MCO,2020,,,,,,,,,,,,,,0.0,,,,,,
MCO,2026,,,,,,,,,,,,,,0.0,,,,,,
MDA,2000,,,,,,,,,,,,,,10.4744525547445,,,,,,
MDA,2010,,,,,,,,,,,,,,11.400304414003,,,,,,
MDA,2020,,,,,,,,,,,,,,11.7532218728523,,,,,,
MDA,2026,,,,,,,,,,,,,,11.7370179167932,,,,,,
MDG,2000,,,,,,,,,,,,,,22.4071774942394,,,,,,
MDG,2010,,,,,,,,,,,,,,21.601231213674,,,,,,
MDG,2020,,,,,,,,,,,,,,21.3644035751117,,,,,,
MDG,2026,,,,,,,,,,,,,,21.2962600550017,,,,,,
MDV,2000,,,,,,,,,,,,,,2.73333333333333,,,,,,
MDV,2010,,,,,,,,,,,,,,2.73333333333333,,,,,,
MDV,2020,,,,,,,,,,,,,,2.73333333333333,,,,,,
MDV,2026,,,,,,,,,,,,,,2.75167785234899,,,,,,
MEX,2000,,,,,,,,,,,,,,35.1764963090614,,,,,,
MEX,2010,,,,,,,,,,,,,,34.4367447722421,,,,,,
MEX,2020,,,,,,,,,,,,,,33.7930502327735,,,,,,
MEX,2026,,,,,,,,,,,,,,33.5959176419147,,,,,,
MHL,2000,,,,,,,,,,,,,,52.2222222222222,,,,,,
MHL,2010,,,,,,,,,,,,,,52.2222222222222,,,,,,
MHL,2020,,,,,,,,,,,,,,52.2222222222222,,,,,,
MHL,2026,,,,,,,,,,,,,,52.2222222222222,,,,,,
MKD,2000,,,,,,,,,,,,,,37.6543452615022,,,,,,
MKD,2010,,,,,,,,,,,,,,38.0820777160983,,,,,,
MKD,2020,,,,,,,,,,,,,,39.7101506740682,,,,,,
MKD,2026,,,,,,,,,,,,,,39.7101506740682,,,,,,
MLI,2000,,,,,,,,,,,,,,10.896663634352,,,,,,
MLI,2010,,,,,,,,,,,,,,10.896663634352,,,,,,
MLI,2020,,,,,,,,,,,,,,10.896663634352,,,,,,
MLI,2026,,,,,,,,,,,,,,10.896663634352,,,,,,
MLT,2000,,,,,,,,,,,,,,1.09375,,,,,,
MLT,2010,,,,,,,,,,,,,,1.09375,,,,,,
MLT,2020,,,,,,,,,,,,,,1.4375,,,,,,
MLT,2026,,,,,,,,,,,,,,1.4375,,,,,,
MMR,2000,,,,,,,,,,,,,,53.3526792545215,,,,,,
MMR,2010,,,,,,,,,,,,,,48.1293818693935,,,,,,
MMR,2020,,,,,,,,,,,,,,43.7340309804342,,,,,,
MMR,2026,,,,,,,,,,,,,,42.4023779245254,,,,,,
MNE,2000,,,,,,,,,,,,,,,,,,,,
MNE,2010,,,,,,,,,,,,,,61.4869888475836,,,,,,
MNE,2020,,,,,,,,,,,,,,61.4869888475836,,,,,,
MNE,2026,,,,,,,,,,,,,,61.4869888475836,,,,,,
MNG,2000,,,,,,,,,,,,,,9.21774776141672,,,,,,
MNG,2010,,,,,,,,,,,,,,9.10805179300629,,,,,,
MNG,2020,,,,,,,,,,,,,,9.09965848797644,,,,,,
MNG,2026,,,,,,,,,,,,,,9.09172405879304,,,,,,
MNP,2000,,,,,,,,,,,,,,69.4782608695652,,,,,,
MNP,2010,,,,,,,,,,,,,,65.9130434782609,,,,,,
MNP,2020,,,,,,,,,,,,,,52.9565217391304,,,,,,
MNP,2026,,,,,,,,,,,,,,52.9565217391304,,,,,,
MOZ,2000,,,,,,,,,,,,,,52.3767135481574,,,,,,
MOZ,2010,,,,,,,,,,,,,,49.5589155370177,,,,,,
MOZ,2020,,,,,,,,,,,,,,46.7251964699,,,,,,
MOZ,2026,,,,,,,,,,,,,,45.8130349195046,,,,,,
MRT,2000,,,,,,,,,,,,,,0.409081206946735,,,,,,
MRT,2010,,,,,,,,,,,,,,0.356301542640924,,,,,,
MRT,2020,,,,,,,,,,,,,,0.303483069758417,,,,,,
MRT,2026,,,,,,,,,,,,,,0.287611138061512,,,,,,
MUS,2000,,,,,,,,,,,,,,20.6551724137931,,,,,,
MUS,2010,,,,,,,,,,,,,,18.9113300492611,,,,,,
MUS,2020,,,,,,,,,,,,,,19.4141211817727,,,,,,
MUS,2026,,,,,,,,,,,,,,19.4742113169755,,,,,,
MWI,2000,,,,,,,,,,,,,,32.6866779804837,,,,,,
MWI,2010,,,,,,,,,,,,,,28.2318625371235,,,,,,
MWI,2020,,,,,,,,,,,,,,23.7770470937633,,,,,,
MWI,2026,,,,,,,,,,,,,,22.4406024607552,,,,,,
MYS,2000,,,,,,,,,,,,,,59.9341043981129,,,,,,
MYS,2010,,,,,,,,,,,,,,57.6705219905646,,,,,,
MYS,2020,,,,,,,,,,,,,,58.1769593669152,,,,,,
MYS,2026,,,,,,,,,,,,,,57.7190381981434,,,,,,
NAM,2000,,,,,,,,,,,,,,9.78887633762101,,,,,,
NAM,2010,,,,,,,,,,,,,,8.92636859429849,,,,,,
NAM,2020,,,,,,,,,,,,,,8.06386570953127,,,,,,
NAM,2026,,,,,,,,,,,,,,7.80511120018463,,,,,,
NCL,2000,,,,,,,,,,,,,,45.8342450765864,,,,,,
NCL,2010,,,,,,,,,,,,,,45.8982494529541,,,,,,
NCL,2020,,,,,,,,,,,,,,45.8435448577681,,,,,,
NCL,2026,,,,,,,,,,,,,,45.8271334792123,,,,,,
NER,2000,,,,,,,,,,,,,,1.04847240862083,,,,,,
NER,2010,,,,,,,,,,,,,,0.950422357306387,,,,,,
NER,2020,,,,,,,,,,,,,,0.852372305991948,,,,,,
NER,2026,,,,,,,,,,,,,,0.822957290597616,,,,,,
NGA,2000,,,,,,,,,,,,,,27.3318620507922,,,,,,
NGA,2010,,,,,,,,,,,,,,25.5388078219529,,,,,,
NGA,2020,,,,,,,,,,,,,,23.7457865322749,,,,,,
NGA,2026,,,,,,,,,,,,,,23.2078900271199,,,,,,
NIC,2000,,,,,,,,,,,,,,44.8672095728768,,,,,,
NIC,2010,,,,,,,,,,,,,,34.8026425128802,,,,,,
NIC,2020,,,,,,,,,,,,,,28.315855077281,,,,,,
NIC,2026,,,,,,,,,,,,,,25.8229183978727,,,,,,
NLD,2000,,,,,,,,,,,,,,10.6486966824645,,,,,,
NLD,2010,,,,,,,,,,,,,,11.0726356359324,,,,,,
NLD,2020,,,,,,,,,,,,,,10.974160974161,,,,,,
NLD,2026,,,,,,,,,,,,,,11.0574428274428,,,,,,
NOR,2000,,,,,,,,,,,,,,33.1641313751903,,,,,,
NOR,2010,,,,,,,,,,,,,,33.1340145217991,,,,,,
NOR,2020,,,,,,,,,,,,,,33.4353596771758,,,,,,
NOR,2026,,,,,,,,,,,,,,33.5009745518434,,,,,,
NPL,2000,,,,,,,,,,,,,,40.3261946285316,,,,,,
NPL,2010,,,,,,,,,,,,,,41.5907220090687,,,,,,
NPL,2020,,,,,,,,,,,,,,41.5907220090687,,,,,,
NPL,2026,,,,,,,,,,,,,,41.5907220090687,,,,,,
NRU,2000,,,,,,,,,,,,,,0.0,,,,,,
NRU,2010,,,,,,,,,,,,,,0.0,,,,,,
NRU,2020,,,,,,,,,,,,,,0.0,,,,,,
NRU,2026,,,,,,,,,,,,,,0.0,,,,,,
NZL,2000,,,,,,,,,,,,,,37.4100489916828,,,,,,
NZL,2010,,,,,,,,,,,,,,37.4012380843872,,,,,,
NZL,2020,,,,,,,,,,,,,,37.5701264669021,,,,,,
NZL,2026,,,,,,,,,,,,,,37.7892841137822,,,,,,
OMN,2000,,,,,,,,,,,,,,0.00969305331179321,,,,,,
OMN,2010,,,,,,,,,,,,,,0.00969305331179321,,,,,,
OMN,2020,,,,,,,,,,,,,,0.00807754442649435,,,,,,
OMN,2026,,,,,,,,,,,,,,0.00762261712439418,,,,,,
PAK,2000,,,,,,,,,,,,,,5.85209111664591,,,,,,
PAK,2010,,,,,,,,,,,,,,5.31046336654213,,,,,,
PAK,2020,,,,,,,,,,,,,,4.83330738895807,,,,,,
PAK,2026,,,,,,,,,,,,,,4.67242631797426,,,,,,
PAN,2000,,,,,,,,,,,,,,59.7543718052193,,,,,,
PAN,2010,,,,,,,,,,,,,,58.2188592951305,,,,,,
PAN,2020,,,,,,,,,,,,,,56.8056079805878,,,,,,
PAN,2026,,,,,,,,,,,,,,56.3439727689404,,,,,,
PER,2000,,,,,,,,,,,,,,58.8264296875,,,,,,
PER,2010,,,,,,,,,,,,,,57.85140625,,,,,,
PER,2020,,,,,,,,,,,,,,56.5081015625,,,,,,
PER,2026,,,,,,,,,,,,,,56.103020234375,,,,,,
PHL,2000,,,,,,,,,,,,,,24.5137337760338,,,,,,
PHL,2010,,,,,,,,,,,,,,22.9389945333199,,,,,,
PHL,2020,,,,,,,,,,,,,,24.1090317604051,,,,,,
PHL,2026,,,,,,,,,,,,,,24.4600731126539,,,,,,
PLW,2000,,,,,,,,,,,,,,86.0434782608696,,,,,,
PLW,2010,,,,,,,,,,,,,,88.1739130434783,,,,,,
PLW,2020,,,,,,,,,,,,,,90.0217391304348,,,,,,
PLW,2026,,,,,,,,,,,,,,90.5434782608696,,,,,,
PNG,2000,,,,,,,,,,,,,,80.1085684317449,,,,,,
PNG,2010,,,,,,,,,,,,,,79.8897789603851,,,,,,
PNG,2020,,,,,,,,,,,,,,79.1762575630438,,,,,,
PNG,2026,,,,,,,,,,,,,,78.9541359360509,,,,,,
POL,2000,,,,,,,,,,,,,,29.5765451043129,,,,,,
POL,2010,,,,,,,,,,,,,,30.4590570719603,,,,,,
POL,2020,,,,,,,,,,,,,,30.9770358997811,,,,,,
POL,2026,,,,,,,,,,,,,,31.0804192379273,,,,,,
PRI,2000,,,,,,,,,,,,,,48.3821871476888,,,,,,
PRI,2010,,,,,,,,,,,,,,55.4058624577227,,,,,,
PRI,2020,,,,,,,,,,,,,,55.95603156708,,,,,,
PRI,2026,,,,,,,,,,,,,,56.1217587373168,,,,,,
PRK,2000,,,,,,,,,,,,,,53.6059297400548,,,,,,
PRK,2010,,,,,,,,,,,,,,51.8427871439249,,,,,,
PRK,2020,,,,,,,,,,,,,,50.0788971015696,,,,,,
PRK,2026,,,,,,,,,,,,,,49.5507017689561,,,,,,
PRT,2000,,,,,,,,,,,,,,35.8579234972678,,,,,,
PRT,2010,,,,,,,,,,,,,,35.5060596134949,,,,,,
PRT,2020,,,,,,,,,,,,,,36.154994891142,,,,,,
PRT,2026,,,,,,,,,,,,,,36.154994891142,,,,,,
PRY,2000,,,,,,,,,,,,,,57.8697457840423,,,,,,
PRY,2010,,,,,,,,,,,,,,49.2580166121319,,,,,,
PRY,2020,,,,,,,,,,,,,,40.5292222501888,,,,,,
PRY,2026,,,,,,,,,,,,,,38.5449252640128,,,,,,
PSE,2000,,,,,,,,,,,,,,1.50830564784053,,,,,,
PSE,2010,,,,,,,,,,,,,,1.65282392026578,,,,,,
PSE,2020,,,,,,,,,,,,,,1.6843853820598,,,,,,
PSE,2026,,,,,,,,,,,,,,1.68298755186722,,,,,,
PYF,2000,,,,,,,,,,,,,,42.7974647075771,,,,,,
PYF,2010,,,,,,,,,,,,,,43.0596369922213,,,,,,
PYF,2020,,,,,,,,,,,,,,43.0596369922213,,,,,,
PYF,2026,,,,,,,,,,,,,,43.0596369922213,,,,,,
QAT,2000,,,,,,,,,,,,,,0.0,,,,,,
QAT,2010,,,,,,,,,,,,,,0.0,,,,,,
QAT,2020,,,,,,,,,,,,,,0.0,,,,,,
QAT,2026,,,,,,,,,,,,,,0.0,,,,,,
ROU,2000,,,,,,,,,,,,,,27.7132036045449,,,,,,
ROU,2010,,,,,,,,,,,,,,28.3199304499022,,,,,,
ROU,2020,,,,,,,,,,,,,,30.1158292767733,,,,,,
ROU,2026,,,,,,,,,,,,,,30.1158292767733,,,,,,
RUS,2000,,,,,,,,,,,,,,49.4018499097143,,,,,,
RUS,2010,,,,,,,,,,,,,,49.7735892145447,,,,,,
RUS,2020,,,,,,,,,,,,,,49.7843605035639,,,,,,
RUS,2026,,,,,,,,,,,,,,49.7843605035639,,,,,,
RWA,2000,,,,,,,,,,,,,,11.6335630320227,,,,,,
RWA,2010,,,,,,,,,,,,,,10.7417916497771,,,,,,
RWA,2020,,,,,,,,,,,,,,11.1876773408999,,,,,,
RWA,2026,,,,,,,,,,,,,,11.3092825293879,,,,,,
SAU,2000,,,,,,,,,,,,,,0.454484134921779,,,,,,
SAU,2010,,,,,,,,,,,,,,0.454484134921779,,,,,,
SAU,2020,,,,,,,,,,,,,,0.454484134921779,,,,,,
SAU,2026,,,,,,,,,,,,,,0.454484134921779,,,,,,
SDN,2000,,,,,,,,,,,,,,,,,,,,
SDN,2010,,,,,,,,,,,,,,,,,,,,
SDN,2020,,,,,,,,,,,,,,9.82869379014989,,,,,,
SDN,2026,,,,,,,,,,,,,,9.55196466809422,,,,,,
SEN,2000,,,,,,,,,,,,,,45.9832753337142,,,,,,
SEN,2010,,,,,,,,,,,,,,43.9835869734587,,,,,,
SEN,2020,,,,,,,,,,,,,,41.9059886770893,,,,,,
SEN,2026,,,,,,,,,,,,,,41.2827091881785,,,,,,
SGP,2000,,,,,,,,,,,,,,25.3932835820895,,,,,,
SGP,2010,,,,,,,,,,,,,,25.2712250712251,,,,,,
SGP,2020,,,,,,,,,,,,,,21.6852367688022,,,,,,
SGP,2026,,,,,,,,,,,,,,20.933147632312,,,,,,
SLB,2000,,,,,,,,,,,,,,90.6609503394069,,,,,,
SLB,2010,,,,,,,,,,,,,,90.399428367274,,,,,,
SLB,2020,,,,,,,,,,,,,,90.1382636655948,,,,,,
SLB,2026,,,,,,,,,,,,,,90.0600214362272,,,,,,
SLE,2000,,,,,,,,,,,,,,40.5850651149903,,,,,,
SLE,2010,,,,,,,,,,,,,,37.8520365752286,,,,,,
SLE,2020,,,,,,,,,,,,,,35.1188694929343,,,,,,
SLE,2026,,,,,,,,,,,,,,34.2988362427265,,,,,,
SLV,2000,,,,,,,,,,,,,,32.523166023166,,,,,,
SLV,2010,,,,,,,,,,,,,,30.3513513513514,,,,,,
SLV,2020,,,,,,,,,,,,,,28.1795366795367,,,,,,
SLV,2026,,,,,,,,,,,,,,27.5279922779923,,,,,,
SMR,2000,,,,,,,,,,,,,,16.6666666666667,,,,,,
SMR,2010,,,,,,,,,,,,,,16.6666666666667,,,,,,
SMR,2020,,,,,,,,,,,,,,16.6666666666667,,,,,,
SMR,2026,,,,,,,,,,,,,,16.6666666666667,,,,,,
SOM,2000,,,,,,,,,,,,,,11.9791500621672,,,,,,
SOM,2010,,,,,,,,,,,,,,10.7557305448401,,,,,,
SOM,2020,,,,,,,,,,,,,,9.53231102751299,,,,,,
SOM,2026,,,,,,,,,,,,,,9.16528517231485,,,,,,
SRB,2000,,,,,,,,,,,,,,,,,,,,
SRB,2010,,,,,,,,,,,,,,31.0198948090556,,,,,,
SRB,2020,,,,,,,,,,,,,,32.3778094898323,,,,,,
SRB,2026,,,,,,,,,,,,,,32.3896349149721,,,,,,
SSD,2000,,,,,,,,,,,,,,,,,,,,
SSD,2010,,,,,,,,,,,,,,,,,,,,
SSD,2020,,,,,,,,,,,,,,11.3256215087114,,,,,,
SSD,2026,,,,,,,,,,,,,,11.3256215087114,,,,,,
STP,2000,,,,,,,,,,,,,,60.7916666666667,,,,,,
STP,2010,,,,,,,,,,,,,,60.5208333333333,,,,,,
STP,2020,,,,,,,,,,,,,,54.0625,,,,,,
STP,2026,,,,,,,,,,,,,,52.125,,,,,,
SUR,2000,,,,,,,,,,,,,,95.5772128187567,,,,,,
SUR,2010,,,,,,,,,,,,,,95.3217109145168,,,,,,
SUR,2020,,,,,,,,,,,,,,94.6764455591856,,,,,,
SUR,2026,,,,,,,,,,,,,,94.44758351333,,,,,,
SVK,2000,,,,,,,,,,,,,,39.5303534303534,,,,,,
SVK,2010,,,,,,,,,,,,,,39.8808508868603,,,,,,
SVK,2020,,,,,,,,,,,,,,40.05615640599,,,,,,
SVK,2026,,,,,,,,,,,,,,40.05615640599,,,,,,
SVN,2000,,,,,,,,,,,,,,61.2214498510427,,,,,,
SVN,2010,,,,,,,,,,,,,,61.8975290625527,,,,,,
SVN,2020,,,,,,,,,,,,,,61.4722591923085,,,,,,
SVN,2026,,,,,,,,,,,,,,61.1748938389332,,,,,,
SWE,2000,,,,,,,,,,,,,,69.1388538853443,,,,,,
SWE,2010,,,,,,,,,,,,,,68.9179080752502,,,,,,
SWE,2020,,,,,,,,,,,,,,68.6996660773915,,,,,,
SWE,2026,,,,,,,,,,,,,,68.7013529108454,,,,,,
SWZ,2000,,,,,,,,,,,,,,27.5162790697674,,,,,,
SWZ,2010,,,,,,,,,,,,,,28.2226744186047,,,,,,
SWZ,2020,,,,,,,,,,,,,,28.9279069767442,,,,,,
SWZ,2026,,,,,,,,,,,,,,29.1389534883721,,,,,,
SXM,2000,,,,,,,,,,,,,,,,,,,,
SXM,2010,,,,,,,,,,,,,,,,,,,,
SXM,2020,,,,,,,,,,,,,,10.8823529411765,,,,,,
SXM,2026,,,,,,,,,,,,,,10.8823529411765,,,,,,
SYC,2000,,,,,,,,,,,,,,73.2608695652174,,,,,,
SYC,2010,,,,,,,,,,,,,,73.2608695652174,,,,,,
SYC,2020,,,,,,,,,,,,,,73.2608695652174,,,,,,
SYC,2026,,,,,,,,,,,,,,73.2608695652174,,,,,,
SYR,2000,,,,,,,,,,,,,,2.35107193383393,,,,,,
SYR,2010,,,,,,,,,,,,,,2.67973642650983,,,,,,
SYR,2020,,,,,,,,,,,,,,2.84310842454937,,,,,,
SYR,2026,,,,,,,,,,,,,,2.84310842454937,,,,,,
TCA,2000,,,,,,,,,,,,,,11.0736842105263,,,,,,
TCA,2010,,,,,,,,,,,,,,11.0736842105263,,,,,,
TCA,2020,,,,,,,,,,,,,,11.0736842105263,,,,,,
TCA,2026,,,,,,,,,,,,,,11.0736842105263,,,,,,
TCD,2000,,,,,,,,,,,,,,5.0452668360864,,,,,,
TCD,2010,,,,,,,,,,,,,,4.39167725540025,,,,,,
TCD,2020,,,,,,,,,,,,,,3.42519059720457,,,,,,
TCD,2026,,,,,,,,,,,,,,3.16103105146125,,,,,,
TGO,2000,,,,,,,,,,,,,,23.3216400073543,,,,,,
TGO,2010,,,,,,,,,,,,,,22.7775326346755,,,,,,
TGO,2020,,,,,,,,,,,,,,22.2333149476007,,,,,,
TGO,2026,,,,,,,,,,,,,,22.0700496414782,,,,,,
THA,2000,,,,,,,,,,,,,,37.1860870246041,,,,,,
THA,2010,,,,,,,,,,,,,,39.290258176907,,,,,,
THA,2020,,,,,,,,,,,,,,38.8987844741529,,,,,,
THA,2026,,,,,,,,,,,,,,38.6873886746658,,,,,,
TJK,2000,,,,,,,,,,,,,,2.92940840240069,,,,,,
TJK,2010,,,,,,,,,,,,,,2.92940840240069,,,,,,
TJK,2020,,,,,,,,,,,,,,3.0535341162908,,,,,,
TJK,2026,,,,,,,,,,,,,,3.07514950644859,,,,,,
TKM,2000,,,,,,,,,,,,,,8.78215904496414,,,,,,
TKM,2010,,,,,,,,,,,,,,8.78215904496414,,,,,,
TKM,2020,,,,,,,,,,,,,,8.78215904496414,,,,,,
TKM,2026,,,,,,,,,,,,,,8.78215904496414,,,,,,
TLS,2000,,,,,,,,,,,,,,63.8264963012777,,,,,,
TLS,2010,,,,,,,,,,,,,,62.8850033624748,,,,,,
TLS,2020,,,,,,,,,,,,,,61.9435104236718,,,,,,
TLS,2026,,,,,,,,,,,,,,61.6610625420309,,,,,,
TON,2000,,,,,,,,,,,,,,12.4305555555556,,,,,,
TON,2010,,,,,,,,,,,,,,12.4305555555556,,,,,,
TON,2020,,,,,,,,,,,,,,12.4305555555556,,,,,,
TON,2026,,,,,,,,,,,,,,12.4305555555556,,,,,,
TTO,2000,,,,,,,,,,,,,,46.130604288499,,,,,,
TTO,2010,,,,,,,,,,,,,,45.3040935672515,,,,,,
TTO,2020,,,,,,,,,,,,,,44.4814814814815,,,,,,
TTO,2026,,,,,,,,,,,,,,44.2358674463938,,,,,,
TUN,2000,,,,,,,,,,,,,,4.29872554067971,,,,,,
TUN,2010,,,,,,,,,,,,,,4.42475540679712,,,,,,
TUN,2020,,,,,,,,,,,,,,4.52323635427395,,,,,,
TUN,2026,,,,,,,,,,,,,,4.55278063851699,,,,,,
TUR,2000,,,,,,,,,,,,,,26.1792679599288,,,,,,
TUR,2010,,,,,,,,,,,,,,27.3937866247418,,,,,,
TUR,2020,,,,,,,,,,,,,,28.8714836999597,,,,,,
TUR,2026,,,,,,,,,,,,,,29.4795681041539,,,,,,
TUV,2000,,,,,,,,,,,,,,33.3333333333333,,,,,,
TUV,2010,,,,,,,,,,,,,,33.3333333333333,,,,,,
TUV,2020,,,,,,,,,,,,,,33.3333333333333,,,,,,
TUV,2026,,,,,,,,,,,,,,33.3333333333333,,,,,,
TZA,2000,,,,,,,,,,,,,,60.5893090991194,,,,,,
TZA,2010,,,,,,,,,,,,,,56.3897155114021,,,,,,
TZA,2020,,,,,,,,,,,,,,51.642582975841,,,,,,
TZA,2026,,,,,,,,,,,,,,50.0541883043576,,,,,,
UGA,2000,,,,,,,,,,,,,,15.8297882988839,,,,,,
UGA,2010,,,,,,,,,,,,,,13.7164372631159,,,,,,
UGA,2020,,,,,,,,,,,,,,11.6591861160981,,,,,,
UGA,2026,,,,,,,,,,,,,,11.0419703770197,,,,,,
UKR,2000,,,,,,,,,,,,,,16.4149477863122,,,,,,
UKR,2010,,,,,,,,,,,,,,16.4813919768004,,,,,,
UKR,2020,,,,,,,,,,,,,,16.7241974456334,,,,,,
UKR,2026,,,,,,,,,,,,,,16.7552640662755,,,,,,
URY,2000,,,,,,,,,,,,,,7.82196320420523,,,,,,
URY,2010,,,,,,,,,,,,,,9.89201234144669,,,,,,
URY,2020,,,,,,,,,,,,,,11.6043880699349,,,,,,
URY,2026,,,,,,,,,,,,,,11.9643469317792,,,,,,
USA,2000,,,,,,,,,,,,,,33.1301735880689,,,,,,
USA,2010,,,,,,,,,,,,,,33.7494069366007,,,,,,
USA,2020,,,,,,,,,,,,,,33.8669264120375,,,,,,
USA,2026,,,,,,,,,,,,,,33.8669264120375,,,,,,
UZB,2000,,,,,,,,,,,,,,6.7928870436847,,,,,,
UZB,2010,,,,,,,,,,,,,,7.6844723004781,,,,,,
UZB,2020,,,,,,,,,,,,,,8.37322137751049,,,,,,
UZB,2026,,,,,,,,,,,,,,8.54914331101781,,,,,,
VCT,2000,,,,,,,,,,,,,,73.1794871794872,,,,,,
VCT,2010,,,,,,,,,,,,,,73.1794871794872,,,,,,
VCT,2020,,,,,,,,,,,,,,73.1794871794872,,,,,,
VCT,2026,,,,,,,,,,,,,,73.1794871794872,,,,,,
VEN,2000,,,,,,,,,,,,,,55.7235984354628,,,,,,
VEN,2010,,,,,,,,,,,,,,53.8574910719347,,,,,,
VEN,2020,,,,,,,,,,,,,,52.4130151351964,,,,,,
VEN,2026,,,,,,,,,,,,,,52.2338793719177,,,,,,
VGB,2000,74.753,,,,,,,,,,,,,24.4666666666667,,,,,,
VGB,2010,76.289,,,,,,,,,,,,,24.2666666666667,,,,,,
VGB,2020,76.894,,,,,,,,,,,,,24.1333333333333,,,,,,
VGB,2026,77.431,,,,,,,,,,,,,24.1333333333333,,,,,,
VIR,2000,,,,,,,,,,,,,,58.4857142857143,,,,,,
VIR,2010,,,,,,,,,,,,,,52.6571428571429,,,,,,
VIR,2020,,,,,,,,,,,,,,56.8857142857143,,,,,,
VIR,2026,,,,,,,,,,,,,,58.1714285714286,,,,,,
VNM,2000,,,,,,,,,,,,,,37.8836880344628,,,,,,
VNM,2010,,,,,,,,,,,,,,42.7332154461943,,,,,,
VNM,2020,,,,,,,,,,,,,,46.7190017515929,,,,,,
VNM,2026,,,,,,,,,,,,,,47.4454820708996,,,,,,
VUT,2000,,,,,,,,,,,,,,36.2838392124692,,,,,,
VUT,2010,,,,,,,,,,,,,,36.2838392124692,,,,,,
VUT,2020,,,,,,,,,,,,,,36.2838392124692,,,,,,
VUT,2026,,,,,,,,,,,,,,36.2838392124692,,,,,,
WSM,2000,,,,,,,,,,,,,,60.5335689045936,,,,,,
WSM,2010,,,,,,,,,,,,,,58.8303886925795,,,,,,
WSM,2020,,,,,,,,,,,,,,58.1546762589928,,,,,,
WSM,2026,,,,,,,,,,,,,,57.636690647482,,,,,,
XKX,2000,,,,,,,,,,,,,,,,,,,,
XKX,2010,,,,,,,,,,,,,,,,,,,,
XKX,2020,,,,,,,,,,,,,,,,,,,,
XKX,2026,,,,,,,,,,,,,,,,,,,,
YEM,2000,,,,,,,,,,,,,,1.03983180862549,,,,,,
YEM,2010,,,,,,,,,,,,,,1.03983180862549,,,,,,
YEM,2020,,,,,,,,,,,,,,1.03983180862549,,,,,,
YEM,2026,,,,,,,,,,,,,,1.03983180862549,,,,,,
ZAF,2000,,,,,,,,,,,,,,14.6552110725503,,,,,,
ZAF,2010,,,,,,,,,,,,,,14.3551508956467,,,,,,
ZAF,2020,,,,,,,,,,,,,,14.055090718743,,,,,,
ZAF,2026,,,,,,,,,,,,,,13.965072665672,,,,,,
ZMB,2000,,,,,,,,,,,,,,63.2965199962335,,,,,,
ZMB,2010,,,,,,,,,,,,,,62.8149423586543,,,,,,
ZMB,2020,,,,,,,,,,,,,,60.283337144702,,,,,,
ZMB,2026,,,,,,,,,,,,,,59.523784150984,,,,,,
ZWE,2000,,,,,,,,,,,,,,47.4757141010728,,,,,,
ZWE,2010,,,,,,,,,,,,,,46.284813235104,,,,,,
ZWE,2020,,,,,,,,,,,,,,45.0939123691353,,,,,,
ZWE,2026,,,,,,,,,,,,,,44.7366421093447,,,,,,
